timestamp,label,info
2026-05-26 13:16:06.543,PROTOCOL_BEGIN,
2026-05-26 13:16:06.545,TASK_SEQUENCE_META,source=P1 | preset=Part1 | order=XA->XB->XC
2026-05-26 13:16:06.545,TASK_BEGIN_FRAMELOG_PAUSE,
2026-05-26 13:16:06.545,PHASE_SET,WAITING_BEFORE_BASELINE
2026-05-26 13:16:06.545,TASK_BEGIN,preset=P1 | part=Part1 | order=XA->XB->XC
2026-05-26 13:16:06.547,CONDITION_META,rawCondition=SitNF | condition=sitting none | source=P1 | preset=Part1 | slot=XA | feedbackOn=0
2026-05-26 13:16:06.547,PHASE_SET,WAITING_BEFORE_BASELINE
2026-05-26 13:16:11.621,WAITING_FOR_B_BEFORE_BASELINE,
2026-05-26 13:16:13.735,BASELINE_TRIGGER_PRESSED,cond=SitNF
2026-05-26 13:16:13.735,PHASE_SET,BASELINE_START
2026-05-26 13:16:13.735,BASELINE_START,
2026-05-26 13:16:23.858,PHASE_SET,BASELINE_END
2026-05-26 13:16:23.858,BASELINE_REFERENCE,condition=sitting none | baselinePitch=-0.720 | baselineRoll=0.531 | baselineHeight=1.447
2026-05-26 13:16:23.858,BASELINE_END,
2026-05-26 13:16:23.858,PHASE_SET,WAITING_BEFORE_TASK_START
2026-05-26 13:16:24.648,PHASE_SET,TASK_START
2026-05-26 13:16:24.648,TASK_START,
2026-05-26 13:16:24.651,VIEW_ARC_START,condition=SitNF | segment=1/3 | viewArc=90 | blockInViewArc=1/1 | totalBlock=1/3
2026-05-26 13:16:24.651,BLOCK_STRUCTURE,condition=SitNF | blocksPerViewArc=1 | totalBlocksInCondition=3 | patternsPerBlock=2 | trialsPerPattern=11 | selectionsPerBlock=22 | viewArcSegments=90->180->360 | useTargetSearchTemplates=True | targetTemplateSeed=20260525 | resetTargetTemplatesAtConditionStart=False
2026-05-26 13:16:24.652,SET_START,set=1 | block=1
2026-05-26 13:16:24.652,PHASE_SET,TASK_RUNNING
2026-05-26 13:16:24.653,TARGET_TEMPLATE_SELECTED,condition=SitNF | set=1 | block=1 | blockInViewArc=1/1 | viewArc=90 | patternIndex=0 | patternName=A | templateIndex=1 | templateName=T1_HighJump_Irregular | templateCycle=1 | templateCycleOrder=1-2-4-3-5 | targetOrderOneBased=1-9-3-11-5-10-2-8-4-7-6
2026-05-26 13:16:24.654,TRIAL_READY,set=1 | block=1 | blockInViewArc=1/1 | viewArc=90 | conditionOrderIndex=1 | targetIndex=0 | targetBallOneBased=1 | targetTemplateIndex=1 | targetTemplateName=T1_HighJump_Irregular | targetTemplateCycle=1 | targetTemplateCycleOrder=1-2-4-3-5 | targetTemplatePathOneBased=1-9-3-11-5-10-2-8-4-7-6 | baseColorIndex=0 | targetColor=white
2026-05-26 13:16:27.761,TRIAL_PROGRESS,correct=1
2026-05-26 13:16:27.761,CORRECT_HIT,set=1 | block=1 | blockInViewArc=1/1 | viewArc=90 | patternIndex=0 | trialInPattern=1 | rtSec=3.107 | correct=1 | targetIndex=0 | targetBallOneBased=1 | targetTemplateIndex=1 | targetTemplateName=T1_HighJump_Irregular | targetTemplateCycle=1
2026-05-26 13:16:27.761,TRIAL_READY,set=1 | block=1 | blockInViewArc=1/1 | viewArc=90 | conditionOrderIndex=1 | targetIndex=8 | targetBallOneBased=9 | targetTemplateIndex=1 | targetTemplateName=T1_HighJump_Irregular | targetTemplateCycle=1 | targetTemplateCycleOrder=1-2-4-3-5 | targetTemplatePathOneBased=1-9-3-11-5-10-2-8-4-7-6 | baseColorIndex=0 | targetColor=white
2026-05-26 13:16:29.579,TRIAL_PROGRESS,correct=2
2026-05-26 13:16:29.579,CORRECT_HIT,set=1 | block=1 | blockInViewArc=1/1 | viewArc=90 | patternIndex=0 | trialInPattern=2 | rtSec=1.818 | correct=2 | targetIndex=8 | targetBallOneBased=9 | targetTemplateIndex=1 | targetTemplateName=T1_HighJump_Irregular | targetTemplateCycle=1
2026-05-26 13:16:29.579,TRIAL_READY,set=1 | block=1 | blockInViewArc=1/1 | viewArc=90 | conditionOrderIndex=1 | targetIndex=2 | targetBallOneBased=3 | targetTemplateIndex=1 | targetTemplateName=T1_HighJump_Irregular | targetTemplateCycle=1 | targetTemplateCycleOrder=1-2-4-3-5 | targetTemplatePathOneBased=1-9-3-11-5-10-2-8-4-7-6 | baseColorIndex=0 | targetColor=white
2026-05-26 13:16:30.620,TRIAL_PROGRESS,correct=3
2026-05-26 13:16:30.620,CORRECT_HIT,set=1 | block=1 | blockInViewArc=1/1 | viewArc=90 | patternIndex=0 | trialInPattern=3 | rtSec=1.041 | correct=3 | targetIndex=2 | targetBallOneBased=3 | targetTemplateIndex=1 | targetTemplateName=T1_HighJump_Irregular | targetTemplateCycle=1
2026-05-26 13:16:30.620,TRIAL_READY,set=1 | block=1 | blockInViewArc=1/1 | viewArc=90 | conditionOrderIndex=1 | targetIndex=10 | targetBallOneBased=11 | targetTemplateIndex=1 | targetTemplateName=T1_HighJump_Irregular | targetTemplateCycle=1 | targetTemplateCycleOrder=1-2-4-3-5 | targetTemplatePathOneBased=1-9-3-11-5-10-2-8-4-7-6 | baseColorIndex=0 | targetColor=white
2026-05-26 13:16:31.772,TRIAL_PROGRESS,correct=4
2026-05-26 13:16:31.772,CORRECT_HIT,set=1 | block=1 | blockInViewArc=1/1 | viewArc=90 | patternIndex=0 | trialInPattern=4 | rtSec=1.153 | correct=4 | targetIndex=10 | targetBallOneBased=11 | targetTemplateIndex=1 | targetTemplateName=T1_HighJump_Irregular | targetTemplateCycle=1
2026-05-26 13:16:31.772,TRIAL_READY,set=1 | block=1 | blockInViewArc=1/1 | viewArc=90 | conditionOrderIndex=1 | targetIndex=4 | targetBallOneBased=5 | targetTemplateIndex=1 | targetTemplateName=T1_HighJump_Irregular | targetTemplateCycle=1 | targetTemplateCycleOrder=1-2-4-3-5 | targetTemplatePathOneBased=1-9-3-11-5-10-2-8-4-7-6 | baseColorIndex=0 | targetColor=white
2026-05-26 13:16:32.745,TRIAL_PROGRESS,correct=5
2026-05-26 13:16:32.745,CORRECT_HIT,set=1 | block=1 | blockInViewArc=1/1 | viewArc=90 | patternIndex=0 | trialInPattern=5 | rtSec=0.972 | correct=5 | targetIndex=4 | targetBallOneBased=5 | targetTemplateIndex=1 | targetTemplateName=T1_HighJump_Irregular | targetTemplateCycle=1
2026-05-26 13:16:32.745,TRIAL_READY,set=1 | block=1 | blockInViewArc=1/1 | viewArc=90 | conditionOrderIndex=1 | targetIndex=9 | targetBallOneBased=10 | targetTemplateIndex=1 | targetTemplateName=T1_HighJump_Irregular | targetTemplateCycle=1 | targetTemplateCycleOrder=1-2-4-3-5 | targetTemplatePathOneBased=1-9-3-11-5-10-2-8-4-7-6 | baseColorIndex=0 | targetColor=white
2026-05-26 13:16:33.620,TRIAL_PROGRESS,correct=6
2026-05-26 13:16:33.620,CORRECT_HIT,set=1 | block=1 | blockInViewArc=1/1 | viewArc=90 | patternIndex=0 | trialInPattern=6 | rtSec=0.875 | correct=6 | targetIndex=9 | targetBallOneBased=10 | targetTemplateIndex=1 | targetTemplateName=T1_HighJump_Irregular | targetTemplateCycle=1
2026-05-26 13:16:33.620,TRIAL_READY,set=1 | block=1 | blockInViewArc=1/1 | viewArc=90 | conditionOrderIndex=1 | targetIndex=1 | targetBallOneBased=2 | targetTemplateIndex=1 | targetTemplateName=T1_HighJump_Irregular | targetTemplateCycle=1 | targetTemplateCycleOrder=1-2-4-3-5 | targetTemplatePathOneBased=1-9-3-11-5-10-2-8-4-7-6 | baseColorIndex=0 | targetColor=white
2026-05-26 13:16:34.535,TRIAL_PROGRESS,correct=7
2026-05-26 13:16:34.535,CORRECT_HIT,set=1 | block=1 | blockInViewArc=1/1 | viewArc=90 | patternIndex=0 | trialInPattern=7 | rtSec=0.916 | correct=7 | targetIndex=1 | targetBallOneBased=2 | targetTemplateIndex=1 | targetTemplateName=T1_HighJump_Irregular | targetTemplateCycle=1
2026-05-26 13:16:34.535,TRIAL_READY,set=1 | block=1 | blockInViewArc=1/1 | viewArc=90 | conditionOrderIndex=1 | targetIndex=7 | targetBallOneBased=8 | targetTemplateIndex=1 | targetTemplateName=T1_HighJump_Irregular | targetTemplateCycle=1 | targetTemplateCycleOrder=1-2-4-3-5 | targetTemplatePathOneBased=1-9-3-11-5-10-2-8-4-7-6 | baseColorIndex=0 | targetColor=white
2026-05-26 13:16:35.397,TRIAL_PROGRESS,correct=8
2026-05-26 13:16:35.397,CORRECT_HIT,set=1 | block=1 | blockInViewArc=1/1 | viewArc=90 | patternIndex=0 | trialInPattern=8 | rtSec=0.861 | correct=8 | targetIndex=7 | targetBallOneBased=8 | targetTemplateIndex=1 | targetTemplateName=T1_HighJump_Irregular | targetTemplateCycle=1
2026-05-26 13:16:35.397,TRIAL_READY,set=1 | block=1 | blockInViewArc=1/1 | viewArc=90 | conditionOrderIndex=1 | targetIndex=3 | targetBallOneBased=4 | targetTemplateIndex=1 | targetTemplateName=T1_HighJump_Irregular | targetTemplateCycle=1 | targetTemplateCycleOrder=1-2-4-3-5 | targetTemplatePathOneBased=1-9-3-11-5-10-2-8-4-7-6 | baseColorIndex=0 | targetColor=white
2026-05-26 13:16:36.188,TRIAL_PROGRESS,correct=9
2026-05-26 13:16:36.189,CORRECT_HIT,set=1 | block=1 | blockInViewArc=1/1 | viewArc=90 | patternIndex=0 | trialInPattern=9 | rtSec=0.792 | correct=9 | targetIndex=3 | targetBallOneBased=4 | targetTemplateIndex=1 | targetTemplateName=T1_HighJump_Irregular | targetTemplateCycle=1
2026-05-26 13:16:36.189,TRIAL_READY,set=1 | block=1 | blockInViewArc=1/1 | viewArc=90 | conditionOrderIndex=1 | targetIndex=6 | targetBallOneBased=7 | targetTemplateIndex=1 | targetTemplateName=T1_HighJump_Irregular | targetTemplateCycle=1 | targetTemplateCycleOrder=1-2-4-3-5 | targetTemplatePathOneBased=1-9-3-11-5-10-2-8-4-7-6 | baseColorIndex=0 | targetColor=white
2026-05-26 13:16:37.286,TRIAL_PROGRESS,correct=10
2026-05-26 13:16:37.286,CORRECT_HIT,set=1 | block=1 | blockInViewArc=1/1 | viewArc=90 | patternIndex=0 | trialInPattern=10 | rtSec=1.097 | correct=10 | targetIndex=6 | targetBallOneBased=7 | targetTemplateIndex=1 | targetTemplateName=T1_HighJump_Irregular | targetTemplateCycle=1
2026-05-26 13:16:37.286,TRIAL_READY,set=1 | block=1 | blockInViewArc=1/1 | viewArc=90 | conditionOrderIndex=1 | targetIndex=5 | targetBallOneBased=6 | targetTemplateIndex=1 | targetTemplateName=T1_HighJump_Irregular | targetTemplateCycle=1 | targetTemplateCycleOrder=1-2-4-3-5 | targetTemplatePathOneBased=1-9-3-11-5-10-2-8-4-7-6 | baseColorIndex=0 | targetColor=white
2026-05-26 13:16:37.884,TRIAL_PROGRESS,correct=11
2026-05-26 13:16:37.884,CORRECT_HIT,set=1 | block=1 | blockInViewArc=1/1 | viewArc=90 | patternIndex=0 | trialInPattern=11 | rtSec=0.597 | correct=11 | targetIndex=5 | targetBallOneBased=6 | targetTemplateIndex=1 | targetTemplateName=T1_HighJump_Irregular | targetTemplateCycle=1
2026-05-26 13:16:37.884,TARGET_TEMPLATE_SELECTED,condition=SitNF | set=1 | block=1 | blockInViewArc=1/1 | viewArc=90 | patternIndex=1 | patternName=B | templateIndex=2 | templateName=T2_HighMedium_Irregular | templateCycle=1 | templateCycleOrder=1-2-4-3-5 | targetOrderOneBased=2-10-5-1-8-3-11-6-9-4-7
2026-05-26 13:16:37.884,TRIAL_READY,set=1 | block=1 | blockInViewArc=1/1 | viewArc=90 | conditionOrderIndex=1 | targetIndex=1 | targetBallOneBased=2 | targetTemplateIndex=2 | targetTemplateName=T2_HighMedium_Irregular | targetTemplateCycle=1 | targetTemplateCycleOrder=1-2-4-3-5 | targetTemplatePathOneBased=2-10-5-1-8-3-11-6-9-4-7 | baseColorIndex=0 | targetColor=white
2026-05-26 13:16:38.758,TRIAL_PROGRESS,correct=12
2026-05-26 13:16:38.758,CORRECT_HIT,set=1 | block=1 | blockInViewArc=1/1 | viewArc=90 | patternIndex=1 | trialInPattern=1 | rtSec=0.875 | correct=12 | targetIndex=1 | targetBallOneBased=2 | targetTemplateIndex=2 | targetTemplateName=T2_HighMedium_Irregular | targetTemplateCycle=1
2026-05-26 13:16:38.758,TRIAL_READY,set=1 | block=1 | blockInViewArc=1/1 | viewArc=90 | conditionOrderIndex=1 | targetIndex=9 | targetBallOneBased=10 | targetTemplateIndex=2 | targetTemplateName=T2_HighMedium_Irregular | targetTemplateCycle=1 | targetTemplateCycleOrder=1-2-4-3-5 | targetTemplatePathOneBased=2-10-5-1-8-3-11-6-9-4-7 | baseColorIndex=0 | targetColor=white
2026-05-26 13:16:39.854,TRIAL_PROGRESS,correct=13
2026-05-26 13:16:39.854,CORRECT_HIT,set=1 | block=1 | blockInViewArc=1/1 | viewArc=90 | patternIndex=1 | trialInPattern=2 | rtSec=1.097 | correct=13 | targetIndex=9 | targetBallOneBased=10 | targetTemplateIndex=2 | targetTemplateName=T2_HighMedium_Irregular | targetTemplateCycle=1
2026-05-26 13:16:39.854,TRIAL_READY,set=1 | block=1 | blockInViewArc=1/1 | viewArc=90 | conditionOrderIndex=1 | targetIndex=4 | targetBallOneBased=5 | targetTemplateIndex=2 | targetTemplateName=T2_HighMedium_Irregular | targetTemplateCycle=1 | targetTemplateCycleOrder=1-2-4-3-5 | targetTemplatePathOneBased=2-10-5-1-8-3-11-6-9-4-7 | baseColorIndex=0 | targetColor=white
2026-05-26 13:16:40.744,TRIAL_PROGRESS,correct=14
2026-05-26 13:16:40.744,CORRECT_HIT,set=1 | block=1 | blockInViewArc=1/1 | viewArc=90 | patternIndex=1 | trialInPattern=3 | rtSec=0.889 | correct=14 | targetIndex=4 | targetBallOneBased=5 | targetTemplateIndex=2 | targetTemplateName=T2_HighMedium_Irregular | targetTemplateCycle=1
2026-05-26 13:16:40.744,TRIAL_READY,set=1 | block=1 | blockInViewArc=1/1 | viewArc=90 | conditionOrderIndex=1 | targetIndex=0 | targetBallOneBased=1 | targetTemplateIndex=2 | targetTemplateName=T2_HighMedium_Irregular | targetTemplateCycle=1 | targetTemplateCycleOrder=1-2-4-3-5 | targetTemplatePathOneBased=2-10-5-1-8-3-11-6-9-4-7 | baseColorIndex=0 | targetColor=white
2026-05-26 13:16:41.480,TRIAL_PROGRESS,correct=15
2026-05-26 13:16:41.480,CORRECT_HIT,set=1 | block=1 | blockInViewArc=1/1 | viewArc=90 | patternIndex=1 | trialInPattern=4 | rtSec=0.736 | correct=15 | targetIndex=0 | targetBallOneBased=1 | targetTemplateIndex=2 | targetTemplateName=T2_HighMedium_Irregular | targetTemplateCycle=1
2026-05-26 13:16:41.480,TRIAL_READY,set=1 | block=1 | blockInViewArc=1/1 | viewArc=90 | conditionOrderIndex=1 | targetIndex=7 | targetBallOneBased=8 | targetTemplateIndex=2 | targetTemplateName=T2_HighMedium_Irregular | targetTemplateCycle=1 | targetTemplateCycleOrder=1-2-4-3-5 | targetTemplatePathOneBased=2-10-5-1-8-3-11-6-9-4-7 | baseColorIndex=0 | targetColor=white
2026-05-26 13:16:42.744,TRIAL_PROGRESS,correct=16
2026-05-26 13:16:42.744,CORRECT_HIT,set=1 | block=1 | blockInViewArc=1/1 | viewArc=90 | patternIndex=1 | trialInPattern=5 | rtSec=1.264 | correct=16 | targetIndex=7 | targetBallOneBased=8 | targetTemplateIndex=2 | targetTemplateName=T2_HighMedium_Irregular | targetTemplateCycle=1
2026-05-26 13:16:42.744,TRIAL_READY,set=1 | block=1 | blockInViewArc=1/1 | viewArc=90 | conditionOrderIndex=1 | targetIndex=2 | targetBallOneBased=3 | targetTemplateIndex=2 | targetTemplateName=T2_HighMedium_Irregular | targetTemplateCycle=1 | targetTemplateCycleOrder=1-2-4-3-5 | targetTemplatePathOneBased=2-10-5-1-8-3-11-6-9-4-7 | baseColorIndex=0 | targetColor=white
2026-05-26 13:16:43.632,TRIAL_PROGRESS,correct=17
2026-05-26 13:16:43.632,CORRECT_HIT,set=1 | block=1 | blockInViewArc=1/1 | viewArc=90 | patternIndex=1 | trialInPattern=6 | rtSec=0.889 | correct=17 | targetIndex=2 | targetBallOneBased=3 | targetTemplateIndex=2 | targetTemplateName=T2_HighMedium_Irregular | targetTemplateCycle=1
2026-05-26 13:16:43.632,TRIAL_READY,set=1 | block=1 | blockInViewArc=1/1 | viewArc=90 | conditionOrderIndex=1 | targetIndex=10 | targetBallOneBased=11 | targetTemplateIndex=2 | targetTemplateName=T2_HighMedium_Irregular | targetTemplateCycle=1 | targetTemplateCycleOrder=1-2-4-3-5 | targetTemplatePathOneBased=2-10-5-1-8-3-11-6-9-4-7 | baseColorIndex=0 | targetColor=white
2026-05-26 13:16:44.757,TRIAL_PROGRESS,correct=18
2026-05-26 13:16:44.757,CORRECT_HIT,set=1 | block=1 | blockInViewArc=1/1 | viewArc=90 | patternIndex=1 | trialInPattern=7 | rtSec=1.125 | correct=18 | targetIndex=10 | targetBallOneBased=11 | targetTemplateIndex=2 | targetTemplateName=T2_HighMedium_Irregular | targetTemplateCycle=1
2026-05-26 13:16:44.757,TRIAL_READY,set=1 | block=1 | blockInViewArc=1/1 | viewArc=90 | conditionOrderIndex=1 | targetIndex=5 | targetBallOneBased=6 | targetTemplateIndex=2 | targetTemplateName=T2_HighMedium_Irregular | targetTemplateCycle=1 | targetTemplateCycleOrder=1-2-4-3-5 | targetTemplatePathOneBased=2-10-5-1-8-3-11-6-9-4-7 | baseColorIndex=0 | targetColor=white
2026-05-26 13:16:45.604,TRIAL_PROGRESS,correct=19
2026-05-26 13:16:45.604,CORRECT_HIT,set=1 | block=1 | blockInViewArc=1/1 | viewArc=90 | patternIndex=1 | trialInPattern=8 | rtSec=0.847 | correct=19 | targetIndex=5 | targetBallOneBased=6 | targetTemplateIndex=2 | targetTemplateName=T2_HighMedium_Irregular | targetTemplateCycle=1
2026-05-26 13:16:45.604,TRIAL_READY,set=1 | block=1 | blockInViewArc=1/1 | viewArc=90 | conditionOrderIndex=1 | targetIndex=8 | targetBallOneBased=9 | targetTemplateIndex=2 | targetTemplateName=T2_HighMedium_Irregular | targetTemplateCycle=1 | targetTemplateCycleOrder=1-2-4-3-5 | targetTemplatePathOneBased=2-10-5-1-8-3-11-6-9-4-7 | baseColorIndex=0 | targetColor=white
2026-05-26 13:16:46.340,TRIAL_PROGRESS,correct=20
2026-05-26 13:16:46.340,CORRECT_HIT,set=1 | block=1 | blockInViewArc=1/1 | viewArc=90 | patternIndex=1 | trialInPattern=9 | rtSec=0.736 | correct=20 | targetIndex=8 | targetBallOneBased=9 | targetTemplateIndex=2 | targetTemplateName=T2_HighMedium_Irregular | targetTemplateCycle=1
2026-05-26 13:16:46.341,TRIAL_READY,set=1 | block=1 | blockInViewArc=1/1 | viewArc=90 | conditionOrderIndex=1 | targetIndex=3 | targetBallOneBased=4 | targetTemplateIndex=2 | targetTemplateName=T2_HighMedium_Irregular | targetTemplateCycle=1 | targetTemplateCycleOrder=1-2-4-3-5 | targetTemplatePathOneBased=2-10-5-1-8-3-11-6-9-4-7 | baseColorIndex=0 | targetColor=white
2026-05-26 13:16:47.132,TRIAL_PROGRESS,correct=21
2026-05-26 13:16:47.132,CORRECT_HIT,set=1 | block=1 | blockInViewArc=1/1 | viewArc=90 | patternIndex=1 | trialInPattern=10 | rtSec=0.792 | correct=21 | targetIndex=3 | targetBallOneBased=4 | targetTemplateIndex=2 | targetTemplateName=T2_HighMedium_Irregular | targetTemplateCycle=1
2026-05-26 13:16:47.132,TRIAL_READY,set=1 | block=1 | blockInViewArc=1/1 | viewArc=90 | conditionOrderIndex=1 | targetIndex=6 | targetBallOneBased=7 | targetTemplateIndex=2 | targetTemplateName=T2_HighMedium_Irregular | targetTemplateCycle=1 | targetTemplateCycleOrder=1-2-4-3-5 | targetTemplatePathOneBased=2-10-5-1-8-3-11-6-9-4-7 | baseColorIndex=0 | targetColor=white
2026-05-26 13:16:47.853,TRIAL_PROGRESS,correct=22
2026-05-26 13:16:47.853,CORRECT_HIT,set=1 | block=1 | blockInViewArc=1/1 | viewArc=90 | patternIndex=1 | trialInPattern=11 | rtSec=0.722 | correct=22 | targetIndex=6 | targetBallOneBased=7 | targetTemplateIndex=2 | targetTemplateName=T2_HighMedium_Irregular | targetTemplateCycle=1
2026-05-26 13:16:47.855,PHASE_SET,BLOCK_BREAK
2026-05-26 13:16:47.855,BLOCK_BREAK,set=2 | nextBlock=2 | blockInViewArc=1/1 | totalBlocksInCondition=3
2026-05-26 13:16:47.855,BREAK_START,condition=sitting none | block=2 | phase=BLOCK_BREAK | reason=BLOCK_BREAK
2026-05-26 13:16:47.856,VIEW_ARC_TRANSITION_WAIT,condition=SitNF | completedSegment=1 | nextSegment=2 | nextArc=180 | nextBlock=2 | blockInNextViewArc=1/1 | totalBlocksInCondition=3
2026-05-26 13:16:48.881,BREAK_END,condition=sitting none | block=2 | phase=BLOCK_BREAK | reason=BLOCK_RESUME | durationSec=1.027 | breakStart=2026-05-26 13:16:47.855 | breakEnd=2026-05-26 13:16:48.881
2026-05-26 13:16:48.881,BLOCK_RESUME,set=2 | block=2 | blockInViewArc=1/1 | totalBlocksInCondition=3 | viewArc=180
2026-05-26 13:16:48.881,VIEW_ARC_RESUME,condition=SitNF | segment=2/3 | viewArc=180 | blockInViewArc=1/1 | totalBlock=2/3
2026-05-26 13:16:48.881,PHASE_SET,TASK_RUNNING
2026-05-26 13:16:48.881,TARGET_TEMPLATE_SELECTED,condition=SitNF | set=2 | block=2 | blockInViewArc=1/1 | viewArc=180 | patternIndex=0 | patternName=A | templateIndex=4 | templateName=T4_LowerMedium_Irregular | templateCycle=1 | templateCycleOrder=1-2-4-3-5 | targetOrderOneBased=4-7-2-6-9-5-8-3-10-1-11
2026-05-26 13:16:48.881,TRIAL_READY,set=2 | block=2 | blockInViewArc=1/1 | viewArc=180 | conditionOrderIndex=1 | targetIndex=3 | targetBallOneBased=4 | targetTemplateIndex=4 | targetTemplateName=T4_LowerMedium_Irregular | targetTemplateCycle=1 | targetTemplateCycleOrder=1-2-4-3-5 | targetTemplatePathOneBased=4-7-2-6-9-5-8-3-10-1-11 | baseColorIndex=0 | targetColor=white
2026-05-26 13:16:50.034,TRIAL_PROGRESS,correct=23
2026-05-26 13:16:50.034,CORRECT_HIT,set=2 | block=2 | blockInViewArc=1/1 | viewArc=180 | patternIndex=0 | trialInPattern=1 | rtSec=1.152 | correct=23 | targetIndex=3 | targetBallOneBased=4 | targetTemplateIndex=4 | targetTemplateName=T4_LowerMedium_Irregular | targetTemplateCycle=1
2026-05-26 13:16:50.034,TRIAL_READY,set=2 | block=2 | blockInViewArc=1/1 | viewArc=180 | conditionOrderIndex=1 | targetIndex=6 | targetBallOneBased=7 | targetTemplateIndex=4 | targetTemplateName=T4_LowerMedium_Irregular | targetTemplateCycle=1 | targetTemplateCycleOrder=1-2-4-3-5 | targetTemplatePathOneBased=4-7-2-6-9-5-8-3-10-1-11 | baseColorIndex=0 | targetColor=white
2026-05-26 13:16:51.868,TRIAL_PROGRESS,correct=24
2026-05-26 13:16:51.868,CORRECT_HIT,set=2 | block=2 | blockInViewArc=1/1 | viewArc=180 | patternIndex=0 | trialInPattern=2 | rtSec=1.833 | correct=24 | targetIndex=6 | targetBallOneBased=7 | targetTemplateIndex=4 | targetTemplateName=T4_LowerMedium_Irregular | targetTemplateCycle=1
2026-05-26 13:16:51.868,TRIAL_READY,set=2 | block=2 | blockInViewArc=1/1 | viewArc=180 | conditionOrderIndex=1 | targetIndex=1 | targetBallOneBased=2 | targetTemplateIndex=4 | targetTemplateName=T4_LowerMedium_Irregular | targetTemplateCycle=1 | targetTemplateCycleOrder=1-2-4-3-5 | targetTemplatePathOneBased=4-7-2-6-9-5-8-3-10-1-11 | baseColorIndex=0 | targetColor=white
2026-05-26 13:16:54.991,TRIAL_PROGRESS,correct=25
2026-05-26 13:16:54.991,CORRECT_HIT,set=2 | block=2 | blockInViewArc=1/1 | viewArc=180 | patternIndex=0 | trialInPattern=3 | rtSec=3.125 | correct=25 | targetIndex=1 | targetBallOneBased=2 | targetTemplateIndex=4 | targetTemplateName=T4_LowerMedium_Irregular | targetTemplateCycle=1
2026-05-26 13:16:54.991,TRIAL_READY,set=2 | block=2 | blockInViewArc=1/1 | viewArc=180 | conditionOrderIndex=1 | targetIndex=5 | targetBallOneBased=6 | targetTemplateIndex=4 | targetTemplateName=T4_LowerMedium_Irregular | targetTemplateCycle=1 | targetTemplateCycleOrder=1-2-4-3-5 | targetTemplatePathOneBased=4-7-2-6-9-5-8-3-10-1-11 | baseColorIndex=0 | targetColor=white
2026-05-26 13:16:56.006,TRIAL_PROGRESS,correct=26
2026-05-26 13:16:56.006,CORRECT_HIT,set=2 | block=2 | blockInViewArc=1/1 | viewArc=180 | patternIndex=0 | trialInPattern=4 | rtSec=1.013 | correct=26 | targetIndex=5 | targetBallOneBased=6 | targetTemplateIndex=4 | targetTemplateName=T4_LowerMedium_Irregular | targetTemplateCycle=1
2026-05-26 13:16:56.006,TRIAL_READY,set=2 | block=2 | blockInViewArc=1/1 | viewArc=180 | conditionOrderIndex=1 | targetIndex=8 | targetBallOneBased=9 | targetTemplateIndex=4 | targetTemplateName=T4_LowerMedium_Irregular | targetTemplateCycle=1 | targetTemplateCycleOrder=1-2-4-3-5 | targetTemplatePathOneBased=4-7-2-6-9-5-8-3-10-1-11 | baseColorIndex=0 | targetColor=white
2026-05-26 13:16:56.242,WRONG_HIT,set=2 | block=2 | ball=Ball_5 | correct=26
2026-05-26 13:16:56.965,TRIAL_PROGRESS,correct=27
2026-05-26 13:16:56.965,CORRECT_HIT,set=2 | block=2 | blockInViewArc=1/1 | viewArc=180 | patternIndex=0 | trialInPattern=5 | rtSec=0.958 | correct=27 | targetIndex=8 | targetBallOneBased=9 | targetTemplateIndex=4 | targetTemplateName=T4_LowerMedium_Irregular | targetTemplateCycle=1
2026-05-26 13:16:56.965,TRIAL_READY,set=2 | block=2 | blockInViewArc=1/1 | viewArc=180 | conditionOrderIndex=1 | targetIndex=4 | targetBallOneBased=5 | targetTemplateIndex=4 | targetTemplateName=T4_LowerMedium_Irregular | targetTemplateCycle=1 | targetTemplateCycleOrder=1-2-4-3-5 | targetTemplatePathOneBased=4-7-2-6-9-5-8-3-10-1-11 | baseColorIndex=0 | targetColor=white
2026-05-26 13:16:57.964,TRIAL_PROGRESS,correct=28
2026-05-26 13:16:57.964,CORRECT_HIT,set=2 | block=2 | blockInViewArc=1/1 | viewArc=180 | patternIndex=0 | trialInPattern=6 | rtSec=1.000 | correct=28 | targetIndex=4 | targetBallOneBased=5 | targetTemplateIndex=4 | targetTemplateName=T4_LowerMedium_Irregular | targetTemplateCycle=1
2026-05-26 13:16:57.964,TRIAL_READY,set=2 | block=2 | blockInViewArc=1/1 | viewArc=180 | conditionOrderIndex=1 | targetIndex=7 | targetBallOneBased=8 | targetTemplateIndex=4 | targetTemplateName=T4_LowerMedium_Irregular | targetTemplateCycle=1 | targetTemplateCycleOrder=1-2-4-3-5 | targetTemplatePathOneBased=4-7-2-6-9-5-8-3-10-1-11 | baseColorIndex=0 | targetColor=white
2026-05-26 13:16:58.906,TRIAL_PROGRESS,correct=29
2026-05-26 13:16:58.906,CORRECT_HIT,set=2 | block=2 | blockInViewArc=1/1 | viewArc=180 | patternIndex=0 | trialInPattern=7 | rtSec=0.943 | correct=29 | targetIndex=7 | targetBallOneBased=8 | targetTemplateIndex=4 | targetTemplateName=T4_LowerMedium_Irregular | targetTemplateCycle=1
2026-05-26 13:16:58.906,TRIAL_READY,set=2 | block=2 | blockInViewArc=1/1 | viewArc=180 | conditionOrderIndex=1 | targetIndex=2 | targetBallOneBased=3 | targetTemplateIndex=4 | targetTemplateName=T4_LowerMedium_Irregular | targetTemplateCycle=1 | targetTemplateCycleOrder=1-2-4-3-5 | targetTemplatePathOneBased=4-7-2-6-9-5-8-3-10-1-11 | baseColorIndex=0 | targetColor=white
2026-05-26 13:16:59.949,TRIAL_PROGRESS,correct=30
2026-05-26 13:16:59.949,CORRECT_HIT,set=2 | block=2 | blockInViewArc=1/1 | viewArc=180 | patternIndex=0 | trialInPattern=8 | rtSec=1.042 | correct=30 | targetIndex=2 | targetBallOneBased=3 | targetTemplateIndex=4 | targetTemplateName=T4_LowerMedium_Irregular | targetTemplateCycle=1
2026-05-26 13:16:59.949,TRIAL_READY,set=2 | block=2 | blockInViewArc=1/1 | viewArc=180 | conditionOrderIndex=1 | targetIndex=9 | targetBallOneBased=10 | targetTemplateIndex=4 | targetTemplateName=T4_LowerMedium_Irregular | targetTemplateCycle=1 | targetTemplateCycleOrder=1-2-4-3-5 | targetTemplatePathOneBased=4-7-2-6-9-5-8-3-10-1-11 | baseColorIndex=0 | targetColor=white
2026-05-26 13:17:01.463,TRIAL_PROGRESS,correct=31
2026-05-26 13:17:01.463,CORRECT_HIT,set=2 | block=2 | blockInViewArc=1/1 | viewArc=180 | patternIndex=0 | trialInPattern=9 | rtSec=1.513 | correct=31 | targetIndex=9 | targetBallOneBased=10 | targetTemplateIndex=4 | targetTemplateName=T4_LowerMedium_Irregular | targetTemplateCycle=1
2026-05-26 13:17:01.463,TRIAL_READY,set=2 | block=2 | blockInViewArc=1/1 | viewArc=180 | conditionOrderIndex=1 | targetIndex=0 | targetBallOneBased=1 | targetTemplateIndex=4 | targetTemplateName=T4_LowerMedium_Irregular | targetTemplateCycle=1 | targetTemplateCycleOrder=1-2-4-3-5 | targetTemplatePathOneBased=4-7-2-6-9-5-8-3-10-1-11 | baseColorIndex=0 | targetColor=white
2026-05-26 13:17:03.491,TRIAL_PROGRESS,correct=32
2026-05-26 13:17:03.491,CORRECT_HIT,set=2 | block=2 | blockInViewArc=1/1 | viewArc=180 | patternIndex=0 | trialInPattern=10 | rtSec=2.028 | correct=32 | targetIndex=0 | targetBallOneBased=1 | targetTemplateIndex=4 | targetTemplateName=T4_LowerMedium_Irregular | targetTemplateCycle=1
2026-05-26 13:17:03.491,TRIAL_READY,set=2 | block=2 | blockInViewArc=1/1 | viewArc=180 | conditionOrderIndex=1 | targetIndex=10 | targetBallOneBased=11 | targetTemplateIndex=4 | targetTemplateName=T4_LowerMedium_Irregular | targetTemplateCycle=1 | targetTemplateCycleOrder=1-2-4-3-5 | targetTemplatePathOneBased=4-7-2-6-9-5-8-3-10-1-11 | baseColorIndex=0 | targetColor=white
2026-05-26 13:17:05.477,TRIAL_PROGRESS,correct=33
2026-05-26 13:17:05.477,CORRECT_HIT,set=2 | block=2 | blockInViewArc=1/1 | viewArc=180 | patternIndex=0 | trialInPattern=11 | rtSec=1.986 | correct=33 | targetIndex=10 | targetBallOneBased=11 | targetTemplateIndex=4 | targetTemplateName=T4_LowerMedium_Irregular | targetTemplateCycle=1
2026-05-26 13:17:05.477,TARGET_TEMPLATE_SELECTED,condition=SitNF | set=2 | block=2 | blockInViewArc=1/1 | viewArc=180 | patternIndex=1 | patternName=B | templateIndex=3 | templateName=T3_Medium_Irregular | templateCycle=1 | templateCycleOrder=1-2-4-3-5 | targetOrderOneBased=3-8-1-6-10-4-9-2-7-11-5
2026-05-26 13:17:05.477,TRIAL_READY,set=2 | block=2 | blockInViewArc=1/1 | viewArc=180 | conditionOrderIndex=1 | targetIndex=2 | targetBallOneBased=3 | targetTemplateIndex=3 | targetTemplateName=T3_Medium_Irregular | targetTemplateCycle=1 | targetTemplateCycleOrder=1-2-4-3-5 | targetTemplatePathOneBased=3-8-1-6-10-4-9-2-7-11-5 | baseColorIndex=0 | targetColor=white
2026-05-26 13:17:07.185,TRIAL_PROGRESS,correct=34
2026-05-26 13:17:07.185,CORRECT_HIT,set=2 | block=2 | blockInViewArc=1/1 | viewArc=180 | patternIndex=1 | trialInPattern=1 | rtSec=1.708 | correct=34 | targetIndex=2 | targetBallOneBased=3 | targetTemplateIndex=3 | targetTemplateName=T3_Medium_Irregular | targetTemplateCycle=1
2026-05-26 13:17:07.186,TRIAL_READY,set=2 | block=2 | blockInViewArc=1/1 | viewArc=180 | conditionOrderIndex=1 | targetIndex=7 | targetBallOneBased=8 | targetTemplateIndex=3 | targetTemplateName=T3_Medium_Irregular | targetTemplateCycle=1 | targetTemplateCycleOrder=1-2-4-3-5 | targetTemplatePathOneBased=3-8-1-6-10-4-9-2-7-11-5 | baseColorIndex=0 | targetColor=white
2026-05-26 13:17:08.406,TRIAL_PROGRESS,correct=35
2026-05-26 13:17:08.406,CORRECT_HIT,set=2 | block=2 | blockInViewArc=1/1 | viewArc=180 | patternIndex=1 | trialInPattern=2 | rtSec=1.222 | correct=35 | targetIndex=7 | targetBallOneBased=8 | targetTemplateIndex=3 | targetTemplateName=T3_Medium_Irregular | targetTemplateCycle=1
2026-05-26 13:17:08.406,TRIAL_READY,set=2 | block=2 | blockInViewArc=1/1 | viewArc=180 | conditionOrderIndex=1 | targetIndex=0 | targetBallOneBased=1 | targetTemplateIndex=3 | targetTemplateName=T3_Medium_Irregular | targetTemplateCycle=1 | targetTemplateCycleOrder=1-2-4-3-5 | targetTemplatePathOneBased=3-8-1-6-10-4-9-2-7-11-5 | baseColorIndex=0 | targetColor=white
2026-05-26 13:17:10.018,TRIAL_PROGRESS,correct=36
2026-05-26 13:17:10.018,CORRECT_HIT,set=2 | block=2 | blockInViewArc=1/1 | viewArc=180 | patternIndex=1 | trialInPattern=3 | rtSec=1.611 | correct=36 | targetIndex=0 | targetBallOneBased=1 | targetTemplateIndex=3 | targetTemplateName=T3_Medium_Irregular | targetTemplateCycle=1
2026-05-26 13:17:10.018,TRIAL_READY,set=2 | block=2 | blockInViewArc=1/1 | viewArc=180 | conditionOrderIndex=1 | targetIndex=5 | targetBallOneBased=6 | targetTemplateIndex=3 | targetTemplateName=T3_Medium_Irregular | targetTemplateCycle=1 | targetTemplateCycleOrder=1-2-4-3-5 | targetTemplatePathOneBased=3-8-1-6-10-4-9-2-7-11-5 | baseColorIndex=0 | targetColor=white
2026-05-26 13:17:11.170,TRIAL_PROGRESS,correct=37
2026-05-26 13:17:11.170,CORRECT_HIT,set=2 | block=2 | blockInViewArc=1/1 | viewArc=180 | patternIndex=1 | trialInPattern=4 | rtSec=1.152 | correct=37 | targetIndex=5 | targetBallOneBased=6 | targetTemplateIndex=3 | targetTemplateName=T3_Medium_Irregular | targetTemplateCycle=1
2026-05-26 13:17:11.170,TRIAL_READY,set=2 | block=2 | blockInViewArc=1/1 | viewArc=180 | conditionOrderIndex=1 | targetIndex=9 | targetBallOneBased=10 | targetTemplateIndex=3 | targetTemplateName=T3_Medium_Irregular | targetTemplateCycle=1 | targetTemplateCycleOrder=1-2-4-3-5 | targetTemplatePathOneBased=3-8-1-6-10-4-9-2-7-11-5 | baseColorIndex=0 | targetColor=white
2026-05-26 13:17:12.336,TRIAL_PROGRESS,correct=38
2026-05-26 13:17:12.336,CORRECT_HIT,set=2 | block=2 | blockInViewArc=1/1 | viewArc=180 | patternIndex=1 | trialInPattern=5 | rtSec=1.166 | correct=38 | targetIndex=9 | targetBallOneBased=10 | targetTemplateIndex=3 | targetTemplateName=T3_Medium_Irregular | targetTemplateCycle=1
2026-05-26 13:17:12.336,TRIAL_READY,set=2 | block=2 | blockInViewArc=1/1 | viewArc=180 | conditionOrderIndex=1 | targetIndex=3 | targetBallOneBased=4 | targetTemplateIndex=3 | targetTemplateName=T3_Medium_Irregular | targetTemplateCycle=1 | targetTemplateCycleOrder=1-2-4-3-5 | targetTemplatePathOneBased=3-8-1-6-10-4-9-2-7-11-5 | baseColorIndex=0 | targetColor=white
2026-05-26 13:17:14.434,TRIAL_PROGRESS,correct=39
2026-05-26 13:17:14.434,CORRECT_HIT,set=2 | block=2 | blockInViewArc=1/1 | viewArc=180 | patternIndex=1 | trialInPattern=6 | rtSec=2.097 | correct=39 | targetIndex=3 | targetBallOneBased=4 | targetTemplateIndex=3 | targetTemplateName=T3_Medium_Irregular | targetTemplateCycle=1
2026-05-26 13:17:14.434,TRIAL_READY,set=2 | block=2 | blockInViewArc=1/1 | viewArc=180 | conditionOrderIndex=1 | targetIndex=8 | targetBallOneBased=9 | targetTemplateIndex=3 | targetTemplateName=T3_Medium_Irregular | targetTemplateCycle=1 | targetTemplateCycleOrder=1-2-4-3-5 | targetTemplatePathOneBased=3-8-1-6-10-4-9-2-7-11-5 | baseColorIndex=0 | targetColor=white
2026-05-26 13:17:16.170,TRIAL_PROGRESS,correct=40
2026-05-26 13:17:16.170,CORRECT_HIT,set=2 | block=2 | blockInViewArc=1/1 | viewArc=180 | patternIndex=1 | trialInPattern=7 | rtSec=1.736 | correct=40 | targetIndex=8 | targetBallOneBased=9 | targetTemplateIndex=3 | targetTemplateName=T3_Medium_Irregular | targetTemplateCycle=1
2026-05-26 13:17:16.170,TRIAL_READY,set=2 | block=2 | blockInViewArc=1/1 | viewArc=180 | conditionOrderIndex=1 | targetIndex=1 | targetBallOneBased=2 | targetTemplateIndex=3 | targetTemplateName=T3_Medium_Irregular | targetTemplateCycle=1 | targetTemplateCycleOrder=1-2-4-3-5 | targetTemplatePathOneBased=3-8-1-6-10-4-9-2-7-11-5 | baseColorIndex=0 | targetColor=white
2026-05-26 13:17:18.032,TRIAL_PROGRESS,correct=41
2026-05-26 13:17:18.032,CORRECT_HIT,set=2 | block=2 | blockInViewArc=1/1 | viewArc=180 | patternIndex=1 | trialInPattern=8 | rtSec=1.861 | correct=41 | targetIndex=1 | targetBallOneBased=2 | targetTemplateIndex=3 | targetTemplateName=T3_Medium_Irregular | targetTemplateCycle=1
2026-05-26 13:17:18.032,TRIAL_READY,set=2 | block=2 | blockInViewArc=1/1 | viewArc=180 | conditionOrderIndex=1 | targetIndex=6 | targetBallOneBased=7 | targetTemplateIndex=3 | targetTemplateName=T3_Medium_Irregular | targetTemplateCycle=1 | targetTemplateCycleOrder=1-2-4-3-5 | targetTemplatePathOneBased=3-8-1-6-10-4-9-2-7-11-5 | baseColorIndex=0 | targetColor=white
2026-05-26 13:17:19.309,TRIAL_PROGRESS,correct=42
2026-05-26 13:17:19.309,CORRECT_HIT,set=2 | block=2 | blockInViewArc=1/1 | viewArc=180 | patternIndex=1 | trialInPattern=9 | rtSec=1.277 | correct=42 | targetIndex=6 | targetBallOneBased=7 | targetTemplateIndex=3 | targetTemplateName=T3_Medium_Irregular | targetTemplateCycle=1
2026-05-26 13:17:19.309,TRIAL_READY,set=2 | block=2 | blockInViewArc=1/1 | viewArc=180 | conditionOrderIndex=1 | targetIndex=10 | targetBallOneBased=11 | targetTemplateIndex=3 | targetTemplateName=T3_Medium_Irregular | targetTemplateCycle=1 | targetTemplateCycleOrder=1-2-4-3-5 | targetTemplatePathOneBased=3-8-1-6-10-4-9-2-7-11-5 | baseColorIndex=0 | targetColor=white
2026-05-26 13:17:22.586,TRIAL_PROGRESS,correct=43
2026-05-26 13:17:22.586,CORRECT_HIT,set=2 | block=2 | blockInViewArc=1/1 | viewArc=180 | patternIndex=1 | trialInPattern=10 | rtSec=3.277 | correct=43 | targetIndex=10 | targetBallOneBased=11 | targetTemplateIndex=3 | targetTemplateName=T3_Medium_Irregular | targetTemplateCycle=1
2026-05-26 13:17:22.586,TRIAL_READY,set=2 | block=2 | blockInViewArc=1/1 | viewArc=180 | conditionOrderIndex=1 | targetIndex=4 | targetBallOneBased=5 | targetTemplateIndex=3 | targetTemplateName=T3_Medium_Irregular | targetTemplateCycle=1 | targetTemplateCycleOrder=1-2-4-3-5 | targetTemplatePathOneBased=3-8-1-6-10-4-9-2-7-11-5 | baseColorIndex=0 | targetColor=white
2026-05-26 13:17:24.072,TRIAL_PROGRESS,correct=44
2026-05-26 13:17:24.072,CORRECT_HIT,set=2 | block=2 | blockInViewArc=1/1 | viewArc=180 | patternIndex=1 | trialInPattern=11 | rtSec=1.486 | correct=44 | targetIndex=4 | targetBallOneBased=5 | targetTemplateIndex=3 | targetTemplateName=T3_Medium_Irregular | targetTemplateCycle=1
2026-05-26 13:17:24.072,PHASE_SET,BLOCK_BREAK
2026-05-26 13:17:24.072,BLOCK_BREAK,set=3 | nextBlock=3 | blockInViewArc=1/1 | totalBlocksInCondition=3
2026-05-26 13:17:24.072,BREAK_START,condition=sitting none | block=3 | phase=BLOCK_BREAK | reason=BLOCK_BREAK
2026-05-26 13:17:24.072,VIEW_ARC_TRANSITION_WAIT,condition=SitNF | completedSegment=2 | nextSegment=3 | nextArc=360 | nextBlock=3 | blockInNextViewArc=1/1 | totalBlocksInCondition=3
2026-05-26 13:17:25.182,BREAK_END,condition=sitting none | block=3 | phase=BLOCK_BREAK | reason=BLOCK_RESUME | durationSec=1.111 | breakStart=2026-05-26 13:17:24.072 | breakEnd=2026-05-26 13:17:25.182
2026-05-26 13:17:25.182,BLOCK_RESUME,set=3 | block=3 | blockInViewArc=1/1 | totalBlocksInCondition=3 | viewArc=360
2026-05-26 13:17:25.182,VIEW_ARC_RESUME,condition=SitNF | segment=3/3 | viewArc=360 | blockInViewArc=1/1 | totalBlock=3/3
2026-05-26 13:17:25.182,PHASE_SET,TASK_RUNNING
2026-05-26 13:17:25.183,TARGET_TEMPLATE_SELECTED,condition=SitNF | set=3 | block=3 | blockInViewArc=1/1 | viewArc=360 | patternIndex=0 | patternName=A | templateIndex=5 | templateName=T5_Low_Irregular | templateCycle=1 | templateCycleOrder=1-2-4-3-5 | targetOrderOneBased=5-3-7-4-8-6-2-9-1-10-11
2026-05-26 13:17:25.183,TRIAL_READY,set=3 | block=3 | blockInViewArc=1/1 | viewArc=360 | conditionOrderIndex=1 | targetIndex=4 | targetBallOneBased=5 | targetTemplateIndex=5 | targetTemplateName=T5_Low_Irregular | targetTemplateCycle=1 | targetTemplateCycleOrder=1-2-4-3-5 | targetTemplatePathOneBased=5-3-7-4-8-6-2-9-1-10-11 | baseColorIndex=0 | targetColor=white
2026-05-26 13:17:26.738,TRIAL_PROGRESS,correct=45
2026-05-26 13:17:26.739,CORRECT_HIT,set=3 | block=3 | blockInViewArc=1/1 | viewArc=360 | patternIndex=0 | trialInPattern=1 | rtSec=1.555 | correct=45 | targetIndex=4 | targetBallOneBased=5 | targetTemplateIndex=5 | targetTemplateName=T5_Low_Irregular | targetTemplateCycle=1
2026-05-26 13:17:26.739,TRIAL_READY,set=3 | block=3 | blockInViewArc=1/1 | viewArc=360 | conditionOrderIndex=1 | targetIndex=2 | targetBallOneBased=3 | targetTemplateIndex=5 | targetTemplateName=T5_Low_Irregular | targetTemplateCycle=1 | targetTemplateCycleOrder=1-2-4-3-5 | targetTemplatePathOneBased=5-3-7-4-8-6-2-9-1-10-11 | baseColorIndex=0 | targetColor=white
2026-05-26 13:17:28.002,TRIAL_PROGRESS,correct=46
2026-05-26 13:17:28.002,CORRECT_HIT,set=3 | block=3 | blockInViewArc=1/1 | viewArc=360 | patternIndex=0 | trialInPattern=2 | rtSec=1.264 | correct=46 | targetIndex=2 | targetBallOneBased=3 | targetTemplateIndex=5 | targetTemplateName=T5_Low_Irregular | targetTemplateCycle=1
2026-05-26 13:17:28.002,TRIAL_READY,set=3 | block=3 | blockInViewArc=1/1 | viewArc=360 | conditionOrderIndex=1 | targetIndex=6 | targetBallOneBased=7 | targetTemplateIndex=5 | targetTemplateName=T5_Low_Irregular | targetTemplateCycle=1 | targetTemplateCycleOrder=1-2-4-3-5 | targetTemplatePathOneBased=5-3-7-4-8-6-2-9-1-10-11 | baseColorIndex=0 | targetColor=white
2026-05-26 13:17:30.113,TRIAL_PROGRESS,correct=47
2026-05-26 13:17:30.113,CORRECT_HIT,set=3 | block=3 | blockInViewArc=1/1 | viewArc=360 | patternIndex=0 | trialInPattern=3 | rtSec=2.111 | correct=47 | targetIndex=6 | targetBallOneBased=7 | targetTemplateIndex=5 | targetTemplateName=T5_Low_Irregular | targetTemplateCycle=1
2026-05-26 13:17:30.113,TRIAL_READY,set=3 | block=3 | blockInViewArc=1/1 | viewArc=360 | conditionOrderIndex=1 | targetIndex=3 | targetBallOneBased=4 | targetTemplateIndex=5 | targetTemplateName=T5_Low_Irregular | targetTemplateCycle=1 | targetTemplateCycleOrder=1-2-4-3-5 | targetTemplatePathOneBased=5-3-7-4-8-6-2-9-1-10-11 | baseColorIndex=0 | targetColor=white
2026-05-26 13:17:35.126,TRIAL_PROGRESS,correct=48
2026-05-26 13:17:35.126,CORRECT_HIT,set=3 | block=3 | blockInViewArc=1/1 | viewArc=360 | patternIndex=0 | trialInPattern=4 | rtSec=5.013 | correct=48 | targetIndex=3 | targetBallOneBased=4 | targetTemplateIndex=5 | targetTemplateName=T5_Low_Irregular | targetTemplateCycle=1
2026-05-26 13:17:35.126,TRIAL_READY,set=3 | block=3 | blockInViewArc=1/1 | viewArc=360 | conditionOrderIndex=1 | targetIndex=7 | targetBallOneBased=8 | targetTemplateIndex=5 | targetTemplateName=T5_Low_Irregular | targetTemplateCycle=1 | targetTemplateCycleOrder=1-2-4-3-5 | targetTemplatePathOneBased=5-3-7-4-8-6-2-9-1-10-11 | baseColorIndex=0 | targetColor=white
2026-05-26 13:17:36.694,TRIAL_PROGRESS,correct=49
2026-05-26 13:17:36.694,CORRECT_HIT,set=3 | block=3 | blockInViewArc=1/1 | viewArc=360 | patternIndex=0 | trialInPattern=5 | rtSec=1.569 | correct=49 | targetIndex=7 | targetBallOneBased=8 | targetTemplateIndex=5 | targetTemplateName=T5_Low_Irregular | targetTemplateCycle=1
2026-05-26 13:17:36.694,TRIAL_READY,set=3 | block=3 | blockInViewArc=1/1 | viewArc=360 | conditionOrderIndex=1 | targetIndex=5 | targetBallOneBased=6 | targetTemplateIndex=5 | targetTemplateName=T5_Low_Irregular | targetTemplateCycle=1 | targetTemplateCycleOrder=1-2-4-3-5 | targetTemplatePathOneBased=5-3-7-4-8-6-2-9-1-10-11 | baseColorIndex=0 | targetColor=white
2026-05-26 13:17:37.903,TRIAL_PROGRESS,correct=50
2026-05-26 13:17:37.903,CORRECT_HIT,set=3 | block=3 | blockInViewArc=1/1 | viewArc=360 | patternIndex=0 | trialInPattern=6 | rtSec=1.208 | correct=50 | targetIndex=5 | targetBallOneBased=6 | targetTemplateIndex=5 | targetTemplateName=T5_Low_Irregular | targetTemplateCycle=1
2026-05-26 13:17:37.903,TRIAL_READY,set=3 | block=3 | blockInViewArc=1/1 | viewArc=360 | conditionOrderIndex=1 | targetIndex=1 | targetBallOneBased=2 | targetTemplateIndex=5 | targetTemplateName=T5_Low_Irregular | targetTemplateCycle=1 | targetTemplateCycleOrder=1-2-4-3-5 | targetTemplatePathOneBased=5-3-7-4-8-6-2-9-1-10-11 | baseColorIndex=0 | targetColor=white
2026-05-26 13:17:39.806,TRIAL_PROGRESS,correct=51
2026-05-26 13:17:39.806,CORRECT_HIT,set=3 | block=3 | blockInViewArc=1/1 | viewArc=360 | patternIndex=0 | trialInPattern=7 | rtSec=1.903 | correct=51 | targetIndex=1 | targetBallOneBased=2 | targetTemplateIndex=5 | targetTemplateName=T5_Low_Irregular | targetTemplateCycle=1
2026-05-26 13:17:39.806,TRIAL_READY,set=3 | block=3 | blockInViewArc=1/1 | viewArc=360 | conditionOrderIndex=1 | targetIndex=8 | targetBallOneBased=9 | targetTemplateIndex=5 | targetTemplateName=T5_Low_Irregular | targetTemplateCycle=1 | targetTemplateCycleOrder=1-2-4-3-5 | targetTemplatePathOneBased=5-3-7-4-8-6-2-9-1-10-11 | baseColorIndex=0 | targetColor=white
2026-05-26 13:17:42.403,TRIAL_PROGRESS,correct=52
2026-05-26 13:17:42.403,CORRECT_HIT,set=3 | block=3 | blockInViewArc=1/1 | viewArc=360 | patternIndex=0 | trialInPattern=8 | rtSec=2.596 | correct=52 | targetIndex=8 | targetBallOneBased=9 | targetTemplateIndex=5 | targetTemplateName=T5_Low_Irregular | targetTemplateCycle=1
2026-05-26 13:17:42.403,TRIAL_READY,set=3 | block=3 | blockInViewArc=1/1 | viewArc=360 | conditionOrderIndex=1 | targetIndex=0 | targetBallOneBased=1 | targetTemplateIndex=5 | targetTemplateName=T5_Low_Irregular | targetTemplateCycle=1 | targetTemplateCycleOrder=1-2-4-3-5 | targetTemplatePathOneBased=5-3-7-4-8-6-2-9-1-10-11 | baseColorIndex=0 | targetColor=white
2026-05-26 13:17:44.069,TRIAL_PROGRESS,correct=53
2026-05-26 13:17:44.069,CORRECT_HIT,set=3 | block=3 | blockInViewArc=1/1 | viewArc=360 | patternIndex=0 | trialInPattern=9 | rtSec=1.667 | correct=53 | targetIndex=0 | targetBallOneBased=1 | targetTemplateIndex=5 | targetTemplateName=T5_Low_Irregular | targetTemplateCycle=1
2026-05-26 13:17:44.069,TRIAL_READY,set=3 | block=3 | blockInViewArc=1/1 | viewArc=360 | conditionOrderIndex=1 | targetIndex=9 | targetBallOneBased=10 | targetTemplateIndex=5 | targetTemplateName=T5_Low_Irregular | targetTemplateCycle=1 | targetTemplateCycleOrder=1-2-4-3-5 | targetTemplatePathOneBased=5-3-7-4-8-6-2-9-1-10-11 | baseColorIndex=0 | targetColor=white
2026-05-26 13:17:45.179,TRIAL_PROGRESS,correct=54
2026-05-26 13:17:45.179,CORRECT_HIT,set=3 | block=3 | blockInViewArc=1/1 | viewArc=360 | patternIndex=0 | trialInPattern=10 | rtSec=1.111 | correct=54 | targetIndex=9 | targetBallOneBased=10 | targetTemplateIndex=5 | targetTemplateName=T5_Low_Irregular | targetTemplateCycle=1
2026-05-26 13:17:45.179,TRIAL_READY,set=3 | block=3 | blockInViewArc=1/1 | viewArc=360 | conditionOrderIndex=1 | targetIndex=10 | targetBallOneBased=11 | targetTemplateIndex=5 | targetTemplateName=T5_Low_Irregular | targetTemplateCycle=1 | targetTemplateCycleOrder=1-2-4-3-5 | targetTemplatePathOneBased=5-3-7-4-8-6-2-9-1-10-11 | baseColorIndex=0 | targetColor=white
2026-05-26 13:17:45.944,TRIAL_PROGRESS,correct=55
2026-05-26 13:17:45.944,CORRECT_HIT,set=3 | block=3 | blockInViewArc=1/1 | viewArc=360 | patternIndex=0 | trialInPattern=11 | rtSec=0.764 | correct=55 | targetIndex=10 | targetBallOneBased=11 | targetTemplateIndex=5 | targetTemplateName=T5_Low_Irregular | targetTemplateCycle=1
2026-05-26 13:17:45.944,TARGET_TEMPLATE_SELECTED,condition=SitNF | set=3 | block=3 | blockInViewArc=1/1 | viewArc=360 | patternIndex=1 | patternName=B | templateIndex=4 | templateName=T4_LowerMedium_Irregular | templateCycle=2 | templateCycleOrder=4-2-3-5-1 | targetOrderOneBased=4-7-2-6-9-5-8-3-10-1-11
2026-05-26 13:17:45.944,TRIAL_READY,set=3 | block=3 | blockInViewArc=1/1 | viewArc=360 | conditionOrderIndex=1 | targetIndex=3 | targetBallOneBased=4 | targetTemplateIndex=4 | targetTemplateName=T4_LowerMedium_Irregular | targetTemplateCycle=2 | targetTemplateCycleOrder=4-2-3-5-1 | targetTemplatePathOneBased=4-7-2-6-9-5-8-3-10-1-11 | baseColorIndex=0 | targetColor=white
2026-05-26 13:17:48.416,TRIAL_PROGRESS,correct=56
2026-05-26 13:17:48.416,CORRECT_HIT,set=3 | block=3 | blockInViewArc=1/1 | viewArc=360 | patternIndex=1 | trialInPattern=1 | rtSec=2.471 | correct=56 | targetIndex=3 | targetBallOneBased=4 | targetTemplateIndex=4 | targetTemplateName=T4_LowerMedium_Irregular | targetTemplateCycle=2
2026-05-26 13:17:48.416,TRIAL_READY,set=3 | block=3 | blockInViewArc=1/1 | viewArc=360 | conditionOrderIndex=1 | targetIndex=6 | targetBallOneBased=7 | targetTemplateIndex=4 | targetTemplateName=T4_LowerMedium_Irregular | targetTemplateCycle=2 | targetTemplateCycleOrder=4-2-3-5-1 | targetTemplatePathOneBased=4-7-2-6-9-5-8-3-10-1-11 | baseColorIndex=0 | targetColor=white
2026-05-26 13:18:02.636,TRIAL_PROGRESS,correct=57
2026-05-26 13:18:02.636,CORRECT_HIT,set=3 | block=3 | blockInViewArc=1/1 | viewArc=360 | patternIndex=1 | trialInPattern=2 | rtSec=14.220 | correct=57 | targetIndex=6 | targetBallOneBased=7 | targetTemplateIndex=4 | targetTemplateName=T4_LowerMedium_Irregular | targetTemplateCycle=2
2026-05-26 13:18:02.636,TRIAL_READY,set=3 | block=3 | blockInViewArc=1/1 | viewArc=360 | conditionOrderIndex=1 | targetIndex=1 | targetBallOneBased=2 | targetTemplateIndex=4 | targetTemplateName=T4_LowerMedium_Irregular | targetTemplateCycle=2 | targetTemplateCycleOrder=4-2-3-5-1 | targetTemplatePathOneBased=4-7-2-6-9-5-8-3-10-1-11 | baseColorIndex=0 | targetColor=white
2026-05-26 13:18:09.523,TRIAL_PROGRESS,correct=58
2026-05-26 13:18:09.523,CORRECT_HIT,set=3 | block=3 | blockInViewArc=1/1 | viewArc=360 | patternIndex=1 | trialInPattern=3 | rtSec=6.888 | correct=58 | targetIndex=1 | targetBallOneBased=2 | targetTemplateIndex=4 | targetTemplateName=T4_LowerMedium_Irregular | targetTemplateCycle=2
2026-05-26 13:18:09.523,TRIAL_READY,set=3 | block=3 | blockInViewArc=1/1 | viewArc=360 | conditionOrderIndex=1 | targetIndex=5 | targetBallOneBased=6 | targetTemplateIndex=4 | targetTemplateName=T4_LowerMedium_Irregular | targetTemplateCycle=2 | targetTemplateCycleOrder=4-2-3-5-1 | targetTemplatePathOneBased=4-7-2-6-9-5-8-3-10-1-11 | baseColorIndex=0 | targetColor=white
2026-05-26 13:18:11.329,TRIAL_PROGRESS,correct=59
2026-05-26 13:18:11.329,CORRECT_HIT,set=3 | block=3 | blockInViewArc=1/1 | viewArc=360 | patternIndex=1 | trialInPattern=4 | rtSec=1.806 | correct=59 | targetIndex=5 | targetBallOneBased=6 | targetTemplateIndex=4 | targetTemplateName=T4_LowerMedium_Irregular | targetTemplateCycle=2
2026-05-26 13:18:11.329,TRIAL_READY,set=3 | block=3 | blockInViewArc=1/1 | viewArc=360 | conditionOrderIndex=1 | targetIndex=8 | targetBallOneBased=9 | targetTemplateIndex=4 | targetTemplateName=T4_LowerMedium_Irregular | targetTemplateCycle=2 | targetTemplateCycleOrder=4-2-3-5-1 | targetTemplatePathOneBased=4-7-2-6-9-5-8-3-10-1-11 | baseColorIndex=0 | targetColor=white
2026-05-26 13:18:12.732,TRIAL_PROGRESS,correct=60
2026-05-26 13:18:12.732,CORRECT_HIT,set=3 | block=3 | blockInViewArc=1/1 | viewArc=360 | patternIndex=1 | trialInPattern=5 | rtSec=1.403 | correct=60 | targetIndex=8 | targetBallOneBased=9 | targetTemplateIndex=4 | targetTemplateName=T4_LowerMedium_Irregular | targetTemplateCycle=2
2026-05-26 13:18:12.732,TRIAL_READY,set=3 | block=3 | blockInViewArc=1/1 | viewArc=360 | conditionOrderIndex=1 | targetIndex=4 | targetBallOneBased=5 | targetTemplateIndex=4 | targetTemplateName=T4_LowerMedium_Irregular | targetTemplateCycle=2 | targetTemplateCycleOrder=4-2-3-5-1 | targetTemplatePathOneBased=4-7-2-6-9-5-8-3-10-1-11 | baseColorIndex=0 | targetColor=white
2026-05-26 13:18:14.051,TRIAL_PROGRESS,correct=61
2026-05-26 13:18:14.051,CORRECT_HIT,set=3 | block=3 | blockInViewArc=1/1 | viewArc=360 | patternIndex=1 | trialInPattern=6 | rtSec=1.319 | correct=61 | targetIndex=4 | targetBallOneBased=5 | targetTemplateIndex=4 | targetTemplateName=T4_LowerMedium_Irregular | targetTemplateCycle=2
2026-05-26 13:18:14.051,TRIAL_READY,set=3 | block=3 | blockInViewArc=1/1 | viewArc=360 | conditionOrderIndex=1 | targetIndex=7 | targetBallOneBased=8 | targetTemplateIndex=4 | targetTemplateName=T4_LowerMedium_Irregular | targetTemplateCycle=2 | targetTemplateCycleOrder=4-2-3-5-1 | targetTemplatePathOneBased=4-7-2-6-9-5-8-3-10-1-11 | baseColorIndex=0 | targetColor=white
2026-05-26 13:18:15.621,TRIAL_PROGRESS,correct=62
2026-05-26 13:18:15.621,CORRECT_HIT,set=3 | block=3 | blockInViewArc=1/1 | viewArc=360 | patternIndex=1 | trialInPattern=7 | rtSec=1.569 | correct=62 | targetIndex=7 | targetBallOneBased=8 | targetTemplateIndex=4 | targetTemplateName=T4_LowerMedium_Irregular | targetTemplateCycle=2
2026-05-26 13:18:15.621,TRIAL_READY,set=3 | block=3 | blockInViewArc=1/1 | viewArc=360 | conditionOrderIndex=1 | targetIndex=2 | targetBallOneBased=3 | targetTemplateIndex=4 | targetTemplateName=T4_LowerMedium_Irregular | targetTemplateCycle=2 | targetTemplateCycleOrder=4-2-3-5-1 | targetTemplatePathOneBased=4-7-2-6-9-5-8-3-10-1-11 | baseColorIndex=0 | targetColor=white
2026-05-26 13:18:17.203,TRIAL_PROGRESS,correct=63
2026-05-26 13:18:17.203,CORRECT_HIT,set=3 | block=3 | blockInViewArc=1/1 | viewArc=360 | patternIndex=1 | trialInPattern=8 | rtSec=1.583 | correct=63 | targetIndex=2 | targetBallOneBased=3 | targetTemplateIndex=4 | targetTemplateName=T4_LowerMedium_Irregular | targetTemplateCycle=2
2026-05-26 13:18:17.203,TRIAL_READY,set=3 | block=3 | blockInViewArc=1/1 | viewArc=360 | conditionOrderIndex=1 | targetIndex=9 | targetBallOneBased=10 | targetTemplateIndex=4 | targetTemplateName=T4_LowerMedium_Irregular | targetTemplateCycle=2 | targetTemplateCycleOrder=4-2-3-5-1 | targetTemplatePathOneBased=4-7-2-6-9-5-8-3-10-1-11 | baseColorIndex=0 | targetColor=white
2026-05-26 13:18:19.467,TRIAL_PROGRESS,correct=64
2026-05-26 13:18:19.467,CORRECT_HIT,set=3 | block=3 | blockInViewArc=1/1 | viewArc=360 | patternIndex=1 | trialInPattern=9 | rtSec=2.263 | correct=64 | targetIndex=9 | targetBallOneBased=10 | targetTemplateIndex=4 | targetTemplateName=T4_LowerMedium_Irregular | targetTemplateCycle=2
2026-05-26 13:18:19.467,TRIAL_READY,set=3 | block=3 | blockInViewArc=1/1 | viewArc=360 | conditionOrderIndex=1 | targetIndex=0 | targetBallOneBased=1 | targetTemplateIndex=4 | targetTemplateName=T4_LowerMedium_Irregular | targetTemplateCycle=2 | targetTemplateCycleOrder=4-2-3-5-1 | targetTemplatePathOneBased=4-7-2-6-9-5-8-3-10-1-11 | baseColorIndex=0 | targetColor=white
2026-05-26 13:18:22.938,TRIAL_PROGRESS,correct=65
2026-05-26 13:18:22.938,CORRECT_HIT,set=3 | block=3 | blockInViewArc=1/1 | viewArc=360 | patternIndex=1 | trialInPattern=10 | rtSec=3.472 | correct=65 | targetIndex=0 | targetBallOneBased=1 | targetTemplateIndex=4 | targetTemplateName=T4_LowerMedium_Irregular | targetTemplateCycle=2
2026-05-26 13:18:22.938,TRIAL_READY,set=3 | block=3 | blockInViewArc=1/1 | viewArc=360 | conditionOrderIndex=1 | targetIndex=10 | targetBallOneBased=11 | targetTemplateIndex=4 | targetTemplateName=T4_LowerMedium_Irregular | targetTemplateCycle=2 | targetTemplateCycleOrder=4-2-3-5-1 | targetTemplatePathOneBased=4-7-2-6-9-5-8-3-10-1-11 | baseColorIndex=0 | targetColor=white
2026-05-26 13:18:26.049,TRIAL_PROGRESS,correct=66
2026-05-26 13:18:26.049,CORRECT_HIT,set=3 | block=3 | blockInViewArc=1/1 | viewArc=360 | patternIndex=1 | trialInPattern=11 | rtSec=3.111 | correct=66 | targetIndex=10 | targetBallOneBased=11 | targetTemplateIndex=4 | targetTemplateName=T4_LowerMedium_Irregular | targetTemplateCycle=2
2026-05-26 13:18:26.049,PHASE_SET,TASK_END
2026-05-26 13:18:26.049,TASK_END,
2026-05-26 13:18:26.050,PHASE_SET,WAITING_RESEARCHER_CONFIRMATION
2026-05-26 13:18:26.050,CONDITION_FINISHED_WAITING_NEXT,finished=SitNF | next=SitPF | taskPos=2/3
2026-05-26 13:18:31.166,PHASE_SET,RESEARCHER_CONFIRMED_WAITING_USER_BASELINE
2026-05-26 13:18:34.895,CONDITION_META,rawCondition=SitPF | condition=sitting partial | source=P1 | preset=Part1 | slot=XB | feedbackOn=1
2026-05-26 13:18:34.895,PHASE_SET,WAITING_BEFORE_BASELINE
2026-05-26 13:18:38.922,WAITING_FOR_B_BEFORE_BASELINE,
2026-05-26 13:18:41.853,BASELINE_TRIGGER_PRESSED,cond=SitPF
2026-05-26 13:18:41.853,PHASE_SET,BASELINE_START
2026-05-26 13:18:41.853,BASELINE_START,
2026-05-26 13:18:51.963,PHASE_SET,BASELINE_END
2026-05-26 13:18:51.963,BASELINE_REFERENCE,condition=sitting partial | baselinePitch=0.771 | baselineRoll=0.872 | baselineHeight=1.429
2026-05-26 13:18:51.963,BASELINE_END,
2026-05-26 13:18:51.963,PHASE_SET,WAITING_BEFORE_TASK_START
2026-05-26 13:18:53.032,PHASE_SET,TASK_START
2026-05-26 13:18:53.032,TASK_START,
2026-05-26 13:18:53.032,VIEW_ARC_START,condition=SitPF | segment=1/3 | viewArc=90 | blockInViewArc=1/1 | totalBlock=1/3
2026-05-26 13:18:53.032,BLOCK_STRUCTURE,condition=SitPF | blocksPerViewArc=1 | totalBlocksInCondition=3 | patternsPerBlock=2 | trialsPerPattern=11 | selectionsPerBlock=22 | viewArcSegments=90->180->360 | useTargetSearchTemplates=True | targetTemplateSeed=20260525 | resetTargetTemplatesAtConditionStart=False
2026-05-26 13:18:53.032,SET_START,set=1 | block=1
2026-05-26 13:18:53.032,PHASE_SET,TASK_RUNNING
2026-05-26 13:18:53.032,TARGET_TEMPLATE_SELECTED,condition=SitPF | set=1 | block=1 | blockInViewArc=1/1 | viewArc=90 | patternIndex=0 | patternName=A | templateIndex=2 | templateName=T2_HighMedium_Irregular | templateCycle=2 | templateCycleOrder=4-2-3-5-1 | targetOrderOneBased=2-10-5-1-8-3-11-6-9-4-7
2026-05-26 13:18:53.032,TRIAL_READY,set=1 | block=1 | blockInViewArc=1/1 | viewArc=90 | conditionOrderIndex=2 | targetIndex=1 | targetBallOneBased=2 | targetTemplateIndex=2 | targetTemplateName=T2_HighMedium_Irregular | targetTemplateCycle=2 | targetTemplateCycleOrder=4-2-3-5-1 | targetTemplatePathOneBased=2-10-5-1-8-3-11-6-9-4-7 | baseColorIndex=0 | targetColor=white
2026-05-26 13:18:54.463,TRIAL_PROGRESS,correct=1
2026-05-26 13:18:54.463,CORRECT_HIT,set=1 | block=1 | blockInViewArc=1/1 | viewArc=90 | patternIndex=0 | trialInPattern=1 | rtSec=1.430 | correct=1 | targetIndex=1 | targetBallOneBased=2 | targetTemplateIndex=2 | targetTemplateName=T2_HighMedium_Irregular | targetTemplateCycle=2
2026-05-26 13:18:54.463,TRIAL_READY,set=1 | block=1 | blockInViewArc=1/1 | viewArc=90 | conditionOrderIndex=2 | targetIndex=9 | targetBallOneBased=10 | targetTemplateIndex=2 | targetTemplateName=T2_HighMedium_Irregular | targetTemplateCycle=2 | targetTemplateCycleOrder=4-2-3-5-1 | targetTemplatePathOneBased=2-10-5-1-8-3-11-6-9-4-7 | baseColorIndex=0 | targetColor=white
2026-05-26 13:18:55.518,TRIAL_PROGRESS,correct=2
2026-05-26 13:18:55.518,CORRECT_HIT,set=1 | block=1 | blockInViewArc=1/1 | viewArc=90 | patternIndex=0 | trialInPattern=2 | rtSec=1.055 | correct=2 | targetIndex=9 | targetBallOneBased=10 | targetTemplateIndex=2 | targetTemplateName=T2_HighMedium_Irregular | targetTemplateCycle=2
2026-05-26 13:18:55.518,TRIAL_READY,set=1 | block=1 | blockInViewArc=1/1 | viewArc=90 | conditionOrderIndex=2 | targetIndex=4 | targetBallOneBased=5 | targetTemplateIndex=2 | targetTemplateName=T2_HighMedium_Irregular | targetTemplateCycle=2 | targetTemplateCycleOrder=4-2-3-5-1 | targetTemplatePathOneBased=2-10-5-1-8-3-11-6-9-4-7 | baseColorIndex=0 | targetColor=white
2026-05-26 13:19:03.128,TRIAL_PROGRESS,correct=3
2026-05-26 13:19:03.128,CORRECT_HIT,set=1 | block=1 | blockInViewArc=1/1 | viewArc=90 | patternIndex=0 | trialInPattern=3 | rtSec=7.610 | correct=3 | targetIndex=4 | targetBallOneBased=5 | targetTemplateIndex=2 | targetTemplateName=T2_HighMedium_Irregular | targetTemplateCycle=2
2026-05-26 13:19:03.128,TRIAL_READY,set=1 | block=1 | blockInViewArc=1/1 | viewArc=90 | conditionOrderIndex=2 | targetIndex=0 | targetBallOneBased=1 | targetTemplateIndex=2 | targetTemplateName=T2_HighMedium_Irregular | targetTemplateCycle=2 | targetTemplateCycleOrder=4-2-3-5-1 | targetTemplatePathOneBased=2-10-5-1-8-3-11-6-9-4-7 | baseColorIndex=0 | targetColor=white
2026-05-26 13:19:04.100,TRIAL_PROGRESS,correct=4
2026-05-26 13:19:04.100,CORRECT_HIT,set=1 | block=1 | blockInViewArc=1/1 | viewArc=90 | patternIndex=0 | trialInPattern=4 | rtSec=0.972 | correct=4 | targetIndex=0 | targetBallOneBased=1 | targetTemplateIndex=2 | targetTemplateName=T2_HighMedium_Irregular | targetTemplateCycle=2
2026-05-26 13:19:04.100,TRIAL_READY,set=1 | block=1 | blockInViewArc=1/1 | viewArc=90 | conditionOrderIndex=2 | targetIndex=7 | targetBallOneBased=8 | targetTemplateIndex=2 | targetTemplateName=T2_HighMedium_Irregular | targetTemplateCycle=2 | targetTemplateCycleOrder=4-2-3-5-1 | targetTemplatePathOneBased=2-10-5-1-8-3-11-6-9-4-7 | baseColorIndex=0 | targetColor=white
2026-05-26 13:19:10.107,PROTOCOL_END,
